seq,name/first,name/last,integer,age,date
1,Eugenia,Warren,-836321,58,07/25/2046
2,Jeanette,Wilkins,-988966,36,07/05/1952
3,Jason,Strickland,-570042,33,08/27/2048
4,Teresa,Ryan,-320422,64,05/19/2048
5,Connor,Wolfe,-420926,57,04/07/2009
6,Mario,Obrien,-153482,48,06/18/1969
7,Gregory,Roy,-132753,52,06/18/2004
8,Bernice,Gordon,303213,41,06/21/2004
9,Warren,Sharp,-285335,42,02/05/1900
10,Mary,Cox,548002,26,03/31/1946
11,Mollie,Vasquez,638071,38,11/03/1969
12,Phillip,Ramsey,925967,61,01/25/1914
13,Carolyn,Zimmerman,159654,47,07/20/1993
14,Ethel,Green,181066,59,08/29/1996
15,Maude,Ward,-838770,50,07/16/1907
16,Mathilda,Dunn,-525332,37,10/28/1906
17,Hattie,Munoz,-985237,40,08/05/1929
18,Alfred,Brady,-740121,35,11/01/2061
19,Etta,West,136464,43,12/24/2036
20,Erik,Flores,106936,55,10/30/2070
21,Eddie,Padilla,-763400,43,04/02/1991
22,Jonathan,Moody,564476,40,02/24/2027
23,Vera,Rodriguez,-557602,63,12/24/1926
24,Bernard,Holt,-622693,25,12/27/2013
25,Dora,Lane,-302738,19,05/14/1923
26,Lois,Sanders,-62017,58,11/07/2049
27,Alta,Larson,-398718,62,05/16/2068
28,Iva,Brooks,571532,33,10/04/2020
29,Mabel,Roberson,630849,53,03/23/1958
30,Dylan,Webb,-860584,63,06/24/1964
31,Leonard,Allen,39424,63,09/10/2026
32,Justin,Hall,-31602,25,05/27/1909
33,Dennis,Peters,-328756,22,08/31/2067
34,Wayne,Shaw,-276091,58,12/29/1921
35,Steve,Jennings,-464912,35,11/05/1956
36,Nancy,Matthews,611443,42,05/13/2046
37,Zachary,Pierce,596466,43,03/27/1957
38,Joseph,Matthews,-402342,36,10/16/1971
39,Ruth,Tran,117215,41,10/11/2030
40,Arthur,Jimenez,-716744,18,11/30/1955
41,Mason,Sandoval,336521,36,05/10/1900
42,Russell,Stevens,183606,53,12/08/2015
43,Nicholas,Holt,-829007,59,03/10/1999
44,Cory,Hansen,864451,40,01/06/2058
45,Jorge,Maldonado,-267273,23,05/24/1940
46,Adam,Watkins,185127,18,05/18/2004
47,Lina,Munoz,-959501,25,07/22/1997
48,Alexander,Potter,147762,51,05/24/2067
49,Sophia,Tran,938231,30,09/24/2043
50,Clyde,Mendoza,7711,50,05/09/2042
51,Sally,Harrison,-836634,60,04/21/2051
52,May,Lucas,-6579,21,12/12/2009
53,Don,Mann,-555691,42,12/21/1964
54,Mattie,Berry,-893894,26,06/15/1931
55,Estella,Dean,625529,36,07/27/1940
56,Erik,Cox,-564676,38,09/12/1993
57,Elva,George,-996550,24,08/26/2037
58,Melvin,Welch,86283,37,01/26/1942
59,Jeremiah,Dixon,529410,20,10/15/1902
60,Caleb,Evans,-887259,41,06/09/1949
61,Jason,Castillo,328432,31,05/08/1925
62,Iva,French,224961,31,01/10/1983
63,Louis,Hampton,668478,47,04/09/1918
64,Ralph,Gonzalez,830950,26,09/10/2035
65,Leah,Steele,-231244,31,01/05/2039
66,Ronald,Frazier,86227,53,11/02/2009
67,Lida,Alvarez,-562218,25,12/14/1947
68,Lizzie,Ingram,-816059,45,07/10/1931
69,Lelia,Duncan,157778,62,10/31/1976
70,Fannie,Rice,663405,60,03/07/2040
71,Janie,Olson,-953749,26,07/09/1951
72,Darrell,Neal,-910614,52,12/06/2067
73,Nelle,Silva,412385,19,04/28/1908
74,Martha,Hopkins,-35440,47,01/14/2025
75,Pearl,Simon,972758,36,05/02/1941
76,Susie,Hansen,619202,29,03/26/1900
77,Nancy,Harper,-328196,20,03/09/2049
78,Mabelle,Little,-143712,52,04/30/2039
79,Jacob,Webb,260623,37,07/25/2070
80,Nina,McGuire,-836523,30,03/25/1979
81,Ray,Wallace,744695,46,12/12/1941
82,Rosa,Stephens,831950,21,09/29/1975
83,Vera,Goodman,-102195,60,04/09/2016
84,Frances,Rivera,392671,45,10/10/1936
85,Minerva,Christensen,-785991,51,04/13/1907
86,Marie,Ball,499797,26,12/31/1970
87,Richard,Nelson,319210,18,07/02/1919
88,Olga,Taylor,-583105,22,07/03/1989
89,Sam,Ross,434740,46,02/28/2035
90,Estelle,Simmons,38445,18,02/06/2017
91,Jessie,Armstrong,-810878,49,12/18/1977
92,Rose,Carroll,-197809,19,03/07/1919
93,Jared,Walker,-80390,33,06/07/2044
94,Rosalie,Briggs,-311474,53,05/22/1948
95,Marvin,Holt,362221,43,07/30/1946
96,Miguel,Parsons,-523901,33,07/31/1981
97,Hettie,Lee,-996246,44,08/20/1978
98,Maurice,Hayes,559279,45,11/13/2034
99,Polly,Fletcher,-381189,21,01/24/1929
100,Francis,Lambert,310737,41,02/20/1938
